{
  "num_rows": 7448,
  "features": {
    "income_bins": {
      "type": "continuous",
      "group": "default",
      "statistics": {
        "cnt": 7448.0,
        "min": 1.0,
        "max": 99.0,
        "mean": 8.729189044038668,
        "std": 10.244387360017809,
        "skew": 2.5185204134192536,
        "kurt": 9.292686936820253,
        "ste": 0.11870421972543639,
        "cv": 117.35783597233352,
        "var": 104.94747238209264,
        "sum": 65015.0,
        "uss": 1349177.0,
        "css": 781648.774301826,
        "histogram": {
          "edges": [
            1.0,
            10.8,
            20.6,
            30.400000000000002,
            40.2,
            50.0,
            59.800000000000004,
            69.60000000000001,
            79.4,
            89.2,
            99.0
          ],
          "values": [
            5302.0,
            1338.0,
            484.0,
            184.0,
            68.0,
            40.0,
            18.0,
            8.0,
            4.0,
            2.0
          ]
        }
      }
    },
    "age_bins": {
      "type": "continuous",
      "group": "default",
      "statistics": {
        "cnt": 7448.0,
        "min": 1.0,
        "max": 10.0,
        "mean": 4.7022019334049405,
        "std": 2.252325564138229,
        "skew": 0.23283268567842452,
        "kurt": -0.7288825983352608,
        "ste": 0.026098246704546423,
        "cv": 47.899379823258315,
        "var": 5.072970446870591,
        "sum": 35022.0,
        "uss": 202464.0,
        "css": 37783.48388829216,
        "histogram": {
          "edges": [
            1.0,
            2.0,
            3.0,
            4.0,
            5.0,
            6.0,
            7.0,
            8.0,
            9.0,
            10.0
          ],
          "values": [
            504.0,
            1023.0,
            948.0,
            1088.0,
            1157.0,
            1043.0,
            794.0,
            457.0,
            434.0
          ]
        }
      }
    },
    "tot_cust_years": {
      "type": "continuous",
      "group": "default",
      "statistics": {
        "cnt": 7448.0,
        "min": 0.0,
        "max": 14.0,
        "mean": 5.704350161117079,
        "std": 2.986115809574836,
        "skew": 0.2560139668566158,
        "kurt": -0.6445568927956077,
        "ste": 0.03460085359216195,
        "cv": 52.34804535544268,
        "var": 8.916887628192777,
        "sum": 42486.0,
        "uss": 308768.0,
        "css": 66412.9790547798,
        "histogram": {
          "edges": [
            0.0,
            1.4,
            2.8,
            4.199999999999999,
            5.6,
            7.0,
            8.399999999999999,
            9.799999999999999,
            11.2,
            12.6,
            14.0
          ],
          "values": [
            503.0,
            658.0,
            1698.0,
            875.0,
            799.0,
            1451.0,
            565.0,
            704.0,
            131.0,
            64.0
          ]
        }
      }
    },
    "tot_children": {
      "type": "continuous",
      "group": "default",
      "statistics": {
        "cnt": 7448.0,
        "min": 0.0,
        "max": 8.0,
        "mean": 1.779403866809882,
        "std": 1.4554132699711957,
        "skew": 0.7880605317809626,
        "kurt": 0.5278132258943956,
        "ste": 0.016864229213378396,
        "cv": 81.79218316415503,
        "var": 2.118227786408249,
        "sum": 13253.0,
        "uss": 39359.0,
        "css": 15776.560553168636,
        "histogram": {
          "edges": [
            0.0,
            1.0,
            2.0,
            3.0,
            4.0,
            5.0,
            6.0,
            7.0,
            8.0
          ],
          "values": [
            1658.0,
            1740.0,
            2065.0,
            1091.0,
            527.0,
            244.0,
            83.0,
            40.0
          ]
        }
      }
    },
    "female_ind": {
      "type": "categorical",
      "group": "default",
      "category_dictionary": {
        "0": "0",
        "1": "1"
      },
      "category_labels": {
        "0": "0",
        "1": "1"
      },
      "ordinal": false,
      "statistics": {
        "frequency": {
          "0": 3163.0,
          "1": 4285.0
        }
      }
    },
    "single_ind": {
      "type": "categorical",
      "group": "default",
      "category_dictionary": {
        "0": "0",
        "1": "1"
      },
      "category_labels": {
        "0": "0",
        "1": "1"
      },
      "ordinal": false,
      "statistics": {
        "frequency": {
          "0": 4628.0,
          "1": 2820.0
        }
      }
    },
    "married_ind": {
      "type": "categorical",
      "group": "default",
      "category_dictionary": {
        "0": "0",
        "1": "1"
      },
      "category_labels": {
        "0": "0",
        "1": "1"
      },
      "ordinal": false,
      "statistics": {
        "frequency": {
          "0": 4128.0,
          "1": 3320.0
        }
      }
    },
    "separated_ind": {
      "type": "categorical",
      "group": "default",
      "category_dictionary": {
        "0": "0",
        "1": "1"
      },
      "category_labels": {
        "0": "0",
        "1": "1"
      },
      "ordinal": false,
      "statistics": {
        "frequency": {
          "0": 6917.0,
          "1": 531.0
        }
      }
    },
    "ca_resident_ind": {
      "type": "categorical",
      "group": "default",
      "category_dictionary": {
        "0": "0",
        "1": "1"
      },
      "category_labels": {
        "0": "0",
        "1": "1"
      },
      "ordinal": false,
      "statistics": {
        "frequency": {
          "0": 5655.0,
          "1": 1793.0
        }
      }
    },
    "ny_resident_ind": {
      "type": "categorical",
      "group": "default",
      "category_dictionary": {
        "0": "0",
        "1": "1"
      },
      "category_labels": {
        "0": "0",
        "1": "1"
      },
      "ordinal": false,
      "statistics": {
        "frequency": {
          "0": 6382.0,
          "1": 1066.0
        }
      }
    },
    "tx_resident_ind": {
      "type": "categorical",
      "group": "default",
      "category_dictionary": {
        "0": "0",
        "1": "1"
      },
      "category_labels": {
        "0": "0",
        "1": "1"
      },
      "ordinal": false,
      "statistics": {
        "frequency": {
          "0": 6598.0,
          "1": 850.0
        }
      }
    },
    "il_resident_ind": {
      "type": "continuous",
      "group": "default",
      "statistics": {
        "cnt": 7448.0,
        "min": 0.0,
        "max": 1.0,
        "mean": 0.07787325456498388,
        "std": 0.2679720335938829,
        "skew": 3.151797765042996,
        "kurt": 7.934894757625265,
        "ste": 0.0031050574366357233,
        "cv": 344.1130527943517,
        "var": 0.07180901078844111,
        "sum": 580.0,
        "uss": 580.0,
        "css": 534.8335123523093,
        "histogram": {
          "edges": [
            0.0,
            1.0
          ],
          "values": [
            7448.0
          ]
        }
      }
    },
    "az_resident_ind": {
      "type": "continuous",
      "group": "default",
      "statistics": {
        "cnt": 7448.0,
        "min": 0.0,
        "max": 1.0,
        "mean": 0.033029001074113856,
        "std": 0.17871229997445626,
        "skew": 5.228058174434148,
        "kurt": 25.33599454035964,
        "ste": 0.002070783091100245,
        "cv": 541.0769147194106,
        "var": 0.03193808616216004,
        "sum": 246.0,
        "uss": 246.0,
        "css": 237.874865735768,
        "histogram": {
          "edges": [
            0.0,
            1.0
          ],
          "values": [
            7448.0
          ]
        }
      }
    },
    "oh_resident_ind": {
      "type": "continuous",
      "group": "default",
      "statistics": {
        "cnt": 7448.0,
        "min": 0.0,
        "max": 1.0,